{
    "$schema": "https://schema.management.azure.com/schemas/2015-01-01/deploymentTemplate.json#",
    "contentVersion": "1.0.0.0",
    "parameters": {
        "actionGroups_NSGActionGroup_name": {
            "defaultValue": "NSGActionGroup",
            "type": "String"
        },
        "activityLogAlerts_MyActivityLogAlertNSG_name": {
            "defaultValue": "MyActivityLogAlertNSG",
            "type": "String"
        }
    },
    "variables": {},
    "resources": [
        {
            "comments": "Generalized from resource: '/subscriptions/3fd889aa-f238-4057-9c38-b73244eb152d/resourceGroups/Default-ActivityLogAlerts/providers/microsoft.insights/actionGroups/NSGActionGroup'.",
            "type": "microsoft.insights/actionGroups",
            "name": "[parameters('actionGroups_NSGActionGroup_name')]",
            "apiVersion": "2018-03-01",
            "location": "Global",
            "tags": {},
            "scale": null,
            "properties": {
                "groupShortName": "nsgacg",
                "enabled": true,
                "emailReceivers": [
                    {
                        "name": "NSGcreatedeletealert_-EmailAction-",
                        "emailAddress": "balakrishna.atteli@staples.com"
                    }
                ],
                "smsReceivers": [],
                "webhookReceivers": [],
                "itsmReceivers": [],
                "azureAppPushReceivers": [],
                "automationRunbookReceivers": [],
                "voiceReceivers": [],
                "logicAppReceivers": [],
                "azureFunctionReceivers": []
            },
            "dependsOn": []
        },
        {
            "comments": "Generalized from resource: '/subscriptions/3fd889aa-f238-4057-9c38-b73244eb152d/resourceGroups/Default-ActivityLogAlerts/providers/microsoft.insights/activityLogAlerts/MyActivityLogAlertNSG'.",
            "type": "microsoft.insights/activityLogAlerts",
            "name": "[parameters('activityLogAlerts_MyActivityLogAlertNSG_name')]",
            "apiVersion": "2017-04-01",
            "location": "Global",
            "tags": {},
            "scale": null,
            "properties": {
                "scopes": [
                    "/subscriptions/3fd889aa-f238-4057-9c38-b73244eb152d"
                ],
                "condition": {
                    "allOf": [
                        {
                            "field": "category",
                            "equals": "Administrative"
                        },
                        {
                            "field": "operationName",
                            "equals": "Microsoft.Network/networkSecurityGroups/securityRules/write"
                        },
                        {
                            "field": "resourceType",
                            "equals": "Microsoft.Network/networkSecurityGroups/securityRules"
                        }
                    ]
                },
                "actions": {
                    "actionGroups": [
                        {
                            "actionGroupId": "[resourceId('microsoft.insights/actionGroups', parameters('actionGroups_NSGActionGroup_name'))]",
                            "webhookProperties": null
                        }
                    ]
                },
                "enabled": true,
                "description": null
            },
            "dependsOn": [
                "[resourceId('microsoft.insights/actionGroups', parameters('actionGroups_NSGActionGroup_name'))]"
            ]
        }
    ]
}